﻿Designator,Footprint,Quantity,Value,LCSC Part #
"C1, C13, C37, C45, C50, C6, C7",0402,7,1u,
"C10, C11, C25, C34, C42, C8, C9",0805,7,10u,
"C12, C15, C16, C17, C19, C2, C20, C22, C23, C24, C28, C33, C38, C40, C44, C46, C48, C54, C55, C56, C62, C63, C64, C65, C66",0402,25,100n,
"C14, C36, C51, C53, C68, C70, C72",0805,7,4.7u,
"C18, C27",CP_Elec_6.3x7.7,2,47u,
"C26, C35",0402,2,220n,
"C29, C30, C31, C32, C39, C41, C47, C49",0805,8,22u,
"C3, C67, C69, C71",0402,4,2.2u,
"C4, C5",0402,2,4.3pF,
C43,0402,1,10n,
"D1, D2",SOT-323_SC-70,2,SP0502BAJT,
D4,SOT-23,1,MMBZ5242BLT3G,
J19,BarrelJack_Horizontal,1,Barrel_Jack,
J4,PinHeader_1x04_P2.54mm_Vertical,1,Conn_01x04,
"L1, L2",IND_223NLT_PUL,2,3.3u,
Q1,Diodes_PowerDI3333-8,1,DMP3013SFV-7,
"R1, R10, R17, R22, R5, R7",0402,6,10k,
"R11, R14, R16, R4, R8",0402,5,1k,
R12,0402,1,1.6k,
R13,0402,1,500R,
R15,0402,1,100R,
"R18, R2, R3",0402,3,100k,
"R19, R20, R21, R23",0402,4,0R,
R26,0402,1,12K 1%,
"R6, R9",0402,2,24.9k,
"SW1, SW2",SW_PUSH_6mm_H5mm,2,SW_Push,
SW3,SW_E-Switch_EG1224_SPDT_Angled,1,SW_SPDT,
U1,Crystal_SMD_2016-4Pin_2.0x1.6mm,1,KC2016Z20.0000C15XXK,
"U10, U2, U21, U3",N_8_ADI,4,AMP03GPZ,
"U11, U12, U8, U9",SOT-23-5,4,TMUX1101DCK,
"U13, U15",Texas_HSOP-8-1EP_3.9x4.9mm_P1.27mm_ThermalVias,2,LMR33640DDDA,
U17,DIP-8_W7.62mm,1,MCP3202,
U19,MSOP-10_3x3mm_P0.5mm,1,AD9833xRM,
U20,DIP-8_W7.62mm,1,LF353N/NOPB,
U4,CR2013-MI2120,1,CR2013-MI2120,
U5,LQFP-64_10x10mm_P0.5mm,1,STM32F446RETx,
"U6, U7",SOT-223-3_TabPin2,2,LM1117MP-ADJ,
Y1,XTAL_CG04874_NDK-L,1,8 MHz,
